{
  "checkpoint": "alt1.runpoint_step12000.pt",
  "step": 12000,
  "dataset": "datasets/fw_edu_10bt_256k/data-00000-of-00001.arrow",
  "window": 768,
  "tokens_analyzed": 6144,
  "sequences": 4,
  "rope": {
    "original_seq_len": 1536,
    "factor": 4.0,
    "attention_factor": 1.138629436111989,
    "cache_seq_len": 6144
  },
  "chunks": [
    {
      "chunk_index": 0,
      "slot_population": {
        "covariance_eigenvalues": [
          0.9932928681373596,
          0.9881311655044556,
          0.1653776913881302,
          0.12066251784563065,
          0.11855949461460114,
          0.1168832927942276,
          0.11332224309444427,
          0.017233431339263916,
          0.01618681102991104
        ],
        "covariance_effective_rank": 4.5945048332214355,
        "covariance_participation_rank": 3.4312944412231445,
        "context_cosine": {
          "mean": 0.13139387965202332,
          "p10": -0.7009796500205994,
          "p50": 0.18058377504348755,
          "p90": 0.8439162969589233,
          "p99": 0.9675901532173157
        },
        "context_abs_cosine": {
          "mean": 0.4912566542625427,
          "p10": 0.09217749536037445,
          "p50": 0.48752009868621826,
          "p90": 0.8917949199676514,
          "p99": 0.9736304879188538
        },
        "slot_norm": {
          "mean": 1.6761033535003662,
          "p10": 1.4122828245162964,
          "p50": 1.6548731327056885,
          "p90": 1.9877090454101562,
          "p99": 2.250797748565674
        }
      },
      "pool": {
        "normalized_entropy": {
          "mean": 0.9826223850250244,
          "p10": 0.9822285771369934,
          "p50": 0.9826267957687378,
          "p90": 0.9830127954483032,
          "p99": 0.9830211400985718
        },
        "effective_streams": {
          "mean": 2013.968505859375,
          "p10": 2007.827392578125,
          "p50": 2014.03515625,
          "p90": 2020.0560302734375,
          "p99": 2020.185791015625
        },
        "max_weight": {
          "mean": 0.0014447590801864862,
          "p10": 0.0014095236547291279,
          "p50": 0.0014398430939763784,
          "p90": 0.001483927364461124,
          "p99": 0.0014913631603121758
        }
      },
      "aggregated_key": {
        "norm": {
          "mean": 2.812680244445801,
          "p10": 2.7382073402404785,
          "p50": 2.777985095977783,
          "p90": 2.9149088859558105,
          "p99": 2.9565231800079346
        },
        "context_cosine": {
          "mean": 0.9970853328704834,
          "p10": 0.9947000741958618,
          "p50": 0.9976028203964233,
          "p90": 0.998953104019165,
          "p99": 0.9993621706962585
        }
      }
    },
    {
      "chunk_index": 1,
      "slot_population": {
        "covariance_eigenvalues": [
          0.8852993249893188,
          0.8659275770187378,
          0.17114758491516113,
          0.15517467260360718,
          0.15252375602722168,
          0.15027426183223724,
          0.1469714641571045,
          0.04130258411169052,
          0.03930874541401863
        ],
        "covariance_effective_rank": 5.478984355926514,
        "covariance_participation_rank": 4.102968215942383,
        "context_cosine": {
          "mean": 0.09370216727256775,
          "p10": -0.7302979230880737,
          "p50": 0.13006591796875,
          "p90": 0.8043489456176758,
          "p99": 0.9539487957954407
        },
        "context_abs_cosine": {
          "mean": 0.476140558719635,
          "p10": 0.08908802270889282,
          "p50": 0.4677709639072418,
          "p90": 0.8724080920219421,
          "p99": 0.9656216502189636
        },
        "slot_norm": {
          "mean": 1.6323490142822266,
          "p10": 1.3588509559631348,
          "p50": 1.6085505485534668,
          "p90": 1.9519715309143066,
          "p99": 2.2426230907440186
        }
      },
      "pool": {
        "normalized_entropy": {
          "mean": 0.9830269813537598,
          "p10": 0.982712984085083,
          "p50": 0.9830873012542725,
          "p90": 0.9832925796508789,
          "p99": 0.983363151550293
        },
        "effective_streams": {
          "mean": 2020.281982421875,
          "p10": 2015.374755859375,
          "p50": 2021.22216796875,
          "p90": 2024.4371337890625,
          "p99": 2025.5428466796875
        },
        "max_weight": {
          "mean": 0.0015135571593418717,
          "p10": 0.0013519584899768233,
          "p50": 0.0015337402001023293,
          "p90": 0.0016590096056461334,
          "p99": 0.0016833596164360642
        }
      },
      "aggregated_key": {
        "norm": {
          "mean": 2.292874813079834,
          "p10": 2.2460789680480957,
          "p50": 2.3015899658203125,
          "p90": 2.3326985836029053,
          "p99": 2.342571973800659
        },
        "context_cosine": {
          "mean": 0.9953134059906006,
          "p10": 0.9918825626373291,
          "p50": 0.9957618713378906,
          "p90": 0.9982959032058716,
          "p99": 0.9986043572425842
        }
      }
    },
    {
      "chunk_index": 2,
      "slot_population": {
        "covariance_eigenvalues": [
          0.8097485303878784,
          0.7993183135986328,
          0.1725059449672699,
          0.16772833466529846,
          0.16682760417461395,
          0.16451069712638855,
          0.1616804301738739,
          0.0656806007027626,
          0.064328134059906
        ],
        "covariance_effective_rank": 6.045702934265137,
        "covariance_participation_rank": 4.588737487792969,
        "context_cosine": {
          "mean": 0.074368417263031,
          "p10": -0.7028319835662842,
          "p50": 0.09451346844434738,
          "p90": 0.7866227030754089,
          "p99": 0.9484667778015137
        },
        "context_abs_cosine": {
          "mean": 0.4610234797000885,
          "p10": 0.0868709459900856,
          "p50": 0.43995171785354614,
          "p90": 0.8610193133354187,
          "p99": 0.9625576734542847
        },
        "slot_norm": {
          "mean": 1.6076006889343262,
          "p10": 1.3272008895874023,
          "p50": 1.582143783569336,
          "p90": 1.9317803382873535,
          "p99": 2.2166178226470947
        }
      },
      "pool": {
        "normalized_entropy": {
          "mean": 0.9827480316162109,
          "p10": 0.9824576377868652,
          "p50": 0.9825520515441895,
          "p90": 0.9831952452659607,
          "p99": 0.9834087491035461
        },
        "effective_streams": {
          "mean": 2015.9287109375,
          "p10": 2011.391845703125,
          "p50": 2012.862060546875,
          "p90": 2022.9190673828125,
          "p99": 2026.2587890625
        },
        "max_weight": {
          "mean": 0.0016468255780637264,
          "p10": 0.0015033968957141042,
          "p50": 0.0016738853882998228,
          "p90": 0.001768606249243021,
          "p99": 0.0017706422368064523
        }
      },
      "aggregated_key": {
        "norm": {
          "mean": 2.1622514724731445,
          "p10": 2.1520767211914062,
          "p50": 2.1592838764190674,
          "p90": 2.174800157546997,
          "p99": 2.1801271438598633
        },
        "context_cosine": {
          "mean": 0.9937401413917542,
          "p10": 0.9902418255805969,
          "p50": 0.9951106309890747,
          "p90": 0.9958679676055908,
          "p99": 0.9960855841636658
        }
      }
    },
    {
      "chunk_index": 3,
      "slot_population": {
        "covariance_eigenvalues": [
          0.7538219690322876,
          0.7419692277908325,
          0.1775936782360077,
          0.17510199546813965,
          0.17382606863975525,
          0.16960348188877106,
          0.16767074167728424,
          0.09059125930070877,
          0.08885388821363449
        ],
        "covariance_effective_rank": 6.492018699645996,
        "covariance_participation_rank": 5.020148754119873,
        "context_cosine": {
          "mean": 0.04987281188368797,