{
  "checkpoint": "alt1.runpoint_step12000.pt",
  "step": 12000,
  "dataset": "datasets/fss1str_256k/data-00000-of-10001.arrow",
  "window": 192,
  "tokens_analyzed": 1536,
  "sequences": 4,
  "chunks": [
    {
      "chunk_index": 0,
      "slot_population": {
        "covariance_eigenvalues": [
          0.7768391966819763,
          0.7636807560920715,
          0.3117263615131378,
          0.30765026807785034,
          0.3026309311389923,
          0.2986737787723541,
          0.18012426793575287,
          0.16011378169059753,
          0.15691818296909332
        ],
        "covariance_effective_rank": 7.562314987182617,
        "covariance_participation_rank": 6.4658098220825195,
        "context_cosine": {
          "mean": 0.02848166972398758,
          "p10": -0.4291781187057495,
          "p50": -0.03995407000184059,
          "p90": 0.6182384490966797,
          "p99": 0.8921138048171997
        },
        "context_abs_cosine": {
          "mean": 0.32719686627388,
          "p10": 0.06243105232715607,
          "p50": 0.29651403427124023,
          "p90": 0.6445351839065552,
          "p99": 0.8921138048171997
        },
        "slot_norm": {
          "mean": 1.8158202171325684,
          "p10": 1.5635335445404053,
          "p50": 1.7941962480545044,
          "p90": 2.0999207496643066,
          "p99": 2.3281476497650146
        }
      },
      "pool": {
        "normalized_entropy": {
          "mean": 0.9785101413726807,
          "p10": 0.9778785705566406,
          "p50": 0.978752613067627,
          "p90": 0.978947639465332,
          "p99": 0.9789822697639465
        },
        "effective_streams": {
          "mean": 1950.8653564453125,
          "p10": 1941.345458984375,
          "p50": 1954.513671875,
          "p90": 1957.4666748046875,
          "p99": 1957.991455078125
        },
        "max_weight": {
          "mean": 0.001753485994413495,
          "p10": 0.0016009967075660825,
          "p50": 0.0017247769283130765,
          "p90": 0.0019289423944428563,
          "p99": 0.002000631997361779
        }
      },
      "aggregated_key": {
        "norm": {
          "mean": 2.203233242034912,
          "p10": 2.175041437149048,
          "p50": 2.1923513412475586,
          "p90": 2.24013090133667,
          "p99": 2.253999948501587
        },
        "context_cosine": {
          "mean": 0.9512205123901367,
          "p10": 0.8947778940200806,
          "p50": 0.9681071043014526,
          "p90": 0.9907767176628113,
          "p99": 0.9937235116958618
        }
      }
    },
    {
      "chunk_index": 1,
      "slot_population": {
        "covariance_eigenvalues": [
          0.5904712080955505,
          0.5669280290603638,
          0.3167840540409088,
          0.30941876769065857,
          0.3062290847301483,
          0.2902001440525055,
          0.27778077125549316,
          0.27286019921302795,
          0.21184737980365753
        ],
        "covariance_effective_rank": 8.482187271118164,
        "covariance_participation_rank": 7.959934234619141,
        "context_cosine": {
          "mean": 0.006934520322829485,
          "p10": -0.41403698921203613,
          "p50": -0.04846794903278351,
          "p90": 0.5484059453010559,
          "p99": 0.8597432374954224
        },
        "context_abs_cosine": {
          "mean": 0.2948494553565979,
          "p10": 0.050595156848430634,
          "p50": 0.2588423192501068,
          "p90": 0.6034950017929077,
          "p99": 0.8628948926925659
        },
        "slot_norm": {
          "mean": 1.7613117694854736,
          "p10": 1.4831104278564453,
          "p50": 1.7537273168563843,
          "p90": 2.050035238265991,
          "p99": 2.267246961593628
        }
      },
      "pool": {
        "normalized_entropy": {
          "mean": 0.9762044548988342,
          "p10": 0.9755468368530273,
          "p50": 0.9760949015617371,
          "p90": 0.9769496917724609,
          "p99": 0.9770698547363281
        },
        "effective_streams": {
          "mean": 1916.3563232421875,
          "p10": 1906.597900390625,
          "p50": 1914.722900390625,
          "p90": 1927.4217529296875,
          "p99": 1929.213623046875
        },
        "max_weight": {
          "mean": 0.0017769023543223739,
          "p10": 0.0016465125372633338,
          "p50": 0.0017161560244858265,
          "p90": 0.0019558891654014587,
          "p99": 0.0020231895614415407
        }
      },
      "aggregated_key": {
        "norm": {
          "mean": 3.200439691543579,
          "p10": 2.9708526134490967,
          "p50": 3.1890974044799805,
          "p90": 3.4391002655029297,
          "p99": 3.5099806785583496
        },
        "context_cosine": {
          "mean": 0.9932984709739685,
          "p10": 0.987751305103302,
          "p50": 0.9946924448013306,
          "p90": 0.9974514842033386,
          "p99": 0.9976316094398499
        }
      }
    },
    {
      "chunk_index": 2,
      "slot_population": {
        "covariance_eigenvalues": [
          0.4859437644481659,
          0.47426795959472656,
          0.339236319065094,
          0.32864904403686523,
          0.30060938000679016,
          0.2965918779373169,
          0.29433709383010864,
          0.2848178744316101,
          0.21196317672729492
        ],
        "covariance_effective_rank": 8.729132652282715,
        "covariance_participation_rank": 8.462557792663574,
        "context_cosine": {
          "mean": 0.0044473204761743546,
          "p10": -0.41257110238075256,
          "p50": -0.04246087372303009,
          "p90": 0.5086084604263306,
          "p99": 0.8217405080795288
        },
        "context_abs_cosine": {
          "mean": 0.2845551669597626,
          "p10": 0.05079078674316406,
          "p50": 0.2494543492794037,
          "p90": 0.5751515626907349,
          "p99": 0.8267255425453186
        },
        "slot_norm": {
          "mean": 1.7221368551254272,
          "p10": 1.429934024810791,
          "p50": 1.7157690525054932,
          "p90": 2.018266201019287,
          "p99": 2.2578442096710205
        }
      },
      "pool": {
        "normalized_entropy": {
          "mean": 0.975706160068512,
          "p10": 0.9749575257301331,
          "p50": 0.9758546352386475,
          "p90": 0.9763360619544983,
          "p99": 0.9764639735221863
        },
        "effective_streams": {
          "mean": 1908.9776611328125,
          "p10": 1897.932373046875,
          "p50": 1911.1485595703125,
          "p90": 1918.2864990234375,
          "p99": 1920.185546875
        },
        "max_weight": {
          "mean": 0.0018484967295080423,
          "p10": 0.0016767334891483188,
          "p50": 0.0017402628436684608,
          "p90": 0.0021068467758595943,
          "p99": 0.0022310952190309763
        }
      },
      "aggregated_key": {
        "norm": {
          "mean": 3.763741970062256,
          "p10": 3.5692214965820312,
          "p50": 3.721113681793213,
          "p90": 3.9923651218414307,
          "p99": 4.060430526733398
        },
        "context_cosine": {
          "mean": 0.9976652264595032,
          "p10": 0.9959396123886108,
          "p50": 0.9983404278755188,
          "p90": 0.9987156391143799,
          "p99": 0.9988692402839661
        }
      }
    },
    {
      "chunk_index": 3,
      "slot_population": {
        "covariance_eigenvalues": [
          0.44102996587753296,
          0.42116332054138184,
          0.35834968090057373,
          0.35109642148017883,
          0.2941170036792755,
          0.28870415687561035,
          0.28558647632598877,
          0.2812383770942688,
          0.20569516718387604
        ],
        "covariance_effective_rank": 8.791205406188965,
        "covariance_participation_rank": 8.598261833190918,
        "context_cosine": {
          "mean": -0.0013850820250809193,
          "p10": -0.42317429184913635,
          "p50": -0.03715701773762703,
          "p90": 0.4836982190608978,